-- phpMyAdmin SQL Dump
-- version 4.9.2
-- https://www.phpmyadmin.net/
--
-- Servidor: 127.0.0.1:3308
-- Tiempo de generación: 10-06-2021 a las 00:21:21
-- Versión del servidor: 8.0.18
-- Versión de PHP: 7.3.12

SET SQL_MODE = "NO_AUTO_VALUE_ON_ZERO";
SET AUTOCOMMIT = 0;
START TRANSACTION;
SET time_zone = "+00:00";


/*!40101 SET @OLD_CHARACTER_SET_CLIENT=@@CHARACTER_SET_CLIENT */;
/*!40101 SET @OLD_CHARACTER_SET_RESULTS=@@CHARACTER_SET_RESULTS */;
/*!40101 SET @OLD_COLLATION_CONNECTION=@@COLLATION_CONNECTION */;
/*!40101 SET NAMES utf8mb4 */;

--
-- Base de datos: `ternium`
--

DELIMITER $$
--
-- Procedimientos
--
DROP PROCEDURE IF EXISTS `updateLogros`$$
CREATE DEFINER=`root`@`localhost` PROCEDURE `updateLogros` ()  BEGIN  
  DECLARE numUsuarios INT;
  DECLARE numTop10 INT;

  DECLARE tempJuegosTotales INT;

  DECLARE counter INT DEFAULT 0;
  DECLARE counter_1 INT DEFAULT 0;

  DECLARE tempUsuario varchar(256);
  DECLARE cursorUsuario CURSOR FOR SELECT DISTINCT bitacora.user FROM bitacora;
  DECLARE cursorTop10 CURSOR FOR SELECT user FROM (
                                                  SELECT            
                                                    juego.user,
                                                    ROUND((SUM(case when pregunta.isCorrecta = 1 then 1 else 0 end) + 0.0 ) / (0.0 + SUM(case when pregunta.isCorrecta <> 1 then 1 else 0 end) + SUM(case when pregunta.isCorrecta = 1 then 					1 else 0 end)), 2) AS metrica
                                                    FROM
                                                      pregunta
                                                    INNER JOIN juego ON pregunta.idJuego = juego.id
                                                    INNER JOIN tipopregunta ON tipopregunta.id = pregunta.tipo 
                                                    WHERE ( tipopregunta.Categoria = "Chatarra" AND YEARWEEK(DATE(pregunta.startTime),1) = YEARWEEK(CURDATE(), 1))
                                                    GROUP BY
                                                      USER  
                                                    ORDER BY `metrica`  DESC
                                                  )s
                                                  LIMIT 10;

  SELECT COUNT(DISTINCT bitacora.user) INTO numUsuarios FROM bitacora;
  SELECT            
    COUNT(user) INTO numTop10
    FROM
        (
          SELECT            
            juego.user,
            ROUND((SUM(case when pregunta.isCorrecta = 1 then 1 else 0 end) + 0.0 ) / (0.0 + SUM(case when pregunta.isCorrecta <> 1 then 1 else 0 end) + SUM(case when pregunta.isCorrecta = 1 then 					1 else 0 end)), 2) AS metrica
          FROM
            pregunta
          INNER JOIN juego ON pregunta.idJuego = juego.id
          INNER JOIN tipopregunta ON tipopregunta.id = pregunta.tipo 
          WHERE ( tipopregunta.Categoria = "Chatarra" AND YEARWEEK(DATE(pregunta.startTime),1) = YEARWEEK(CURDATE(), 1))
          GROUP BY
            USER  
          ORDER BY `metrica`  DESC
        )s
    LIMIT 10;
  
  OPEN cursorUsuario;

  WHILE counter < numUsuarios DO
  
    FETCH cursorUsuario INTO tempUsuario;
    SELECT COUNT(*) INTO tempJuegosTotales FROM juego where juego.user = tempUsuario;
      
    IF NOT EXISTS (SELECT 1 FROM logros WHERE logros.user = tempUsuario AND logros.type = 3) THEN
      IF tempJuegosTotales > 4 THEN 
        INSERT INTO `logros` (`user`, `id`, `type`, `earnTime`) VALUES (tempUsuario, NULL, 3, CURRENT_TIMESTAMP);
        END IF;
    END IF;
    
    IF NOT EXISTS (SELECT 1 FROM logros WHERE logros.user = tempUsuario AND logros.type = 4) THEN
      IF tempJuegosTotales > 9 THEN 
        INSERT INTO `logros` (`user`, `id`, `type`, `earnTime`) VALUES (tempUsuario, NULL, 4, CURRENT_TIMESTAMP);
        END IF;
    END IF;
    
    IF NOT EXISTS (SELECT 1 FROM logros WHERE logros.user = tempUsuario AND logros.type = 5) THEN
      IF tempJuegosTotales > 49 THEN 
        INSERT INTO `logros` (`user`, `id`, `type`, `earnTime`) VALUES (tempUsuario, NULL, 5, CURRENT_TIMESTAMP);
        END IF;
    END IF;        
    
    IF NOT EXISTS (SELECT 1 FROM logros WHERE logros.user = tempUsuario AND logros.type = 6) THEN
      IF tempJuegosTotales > 99 THEN 
        INSERT INTO `logros` (`user`, `id`, `type`, `earnTime`) VALUES (tempUsuario, NULL, 6, CURRENT_TIMESTAMP);
        END IF;
    END IF;
    
    SET counter = counter + 1;
  END WHILE;
  
  CLOSE cursorUsuario;   

  OPEN cursorTop10;
  
  WHILE counter_1 < numTop10 DO
    FETCH cursorTop10 INTO tempUsuario;

    IF NOT EXISTS (SELECT 1 FROM logros WHERE logros.user = tempUsuario AND logros.type = 12) THEN 
        INSERT INTO `logros` (`user`, `id`, `type`, `earnTime`) VALUES (tempUsuario, NULL, 12, CURRENT_TIMESTAMP);
    END IF;

    SET counter_1 = counter_1 + 1;
  END WHILE;
    
  CLOSE cursorTop10;

END$$

DELIMITER ;

-- --------------------------------------------------------

--
-- Estructura de tabla para la tabla `bitacora`
--

DROP TABLE IF EXISTS `bitacora`;
CREATE TABLE IF NOT EXISTS `bitacora` (
  `user` varchar(128) NOT NULL,
  `date` timestamp NOT NULL
) ENGINE=InnoDB DEFAULT CHARSET=latin1;

--
-- Volcado de datos para la tabla `bitacora`
--

INSERT INTO `bitacora` (`user`, `date`) VALUES
('TecEquipo4', '2021-05-19 04:26:20'),
('TecEquipo4', '2021-05-19 17:59:32'),
('TecEquipo4', '2021-05-19 18:00:30'),
('TecEquipo4', '2021-05-19 18:50:06'),
('TecEquipo4', '2021-05-28 02:15:00'),
('TecEquipo4', '2021-05-28 02:14:56'),
('TecEquipo4', '2021-05-28 02:15:06'),
('TecEquipo4', '2021-05-27 20:59:19'),
('TecEquipo4', '2021-05-27 20:59:11'),
('TecEquipo4', '2021-05-28 19:28:32'),
('TecEquipo4', '2021-05-28 19:31:06'),
('TecEquipo4', '2021-05-28 19:31:47'),
('TecEquipo4', '2021-05-31 19:01:53'),
('TecEquipo4', '2021-06-02 04:17:55'),
('TecEquipo4', '2021-06-03 07:38:58'),
('TecEquipo4', '2021-06-03 08:23:08'),
('TecEquipo4', '2021-06-03 19:07:38'),
('TecEquipo4', '2021-06-03 20:17:56'),
('TecEquipo4', '2021-06-03 20:21:43'),
('TecEquipo4', '2021-06-03 21:03:02'),
('TecEquipo4', '2021-06-03 22:16:18'),
('TecEquipo4', '2021-06-05 00:44:16'),
('TecEquipo4', '2021-06-04 21:22:14'),
('TecEquipo1', '2021-06-07 06:22:33'),
('TecEquipo4', '2021-06-08 20:06:47'),
('TecEquipo4', '2021-06-08 20:11:27'),
('TecEquipo4', '2021-06-08 20:11:46'),
('TecEquipo5', '2021-06-08 20:50:32'),
('TecEquipo1', '2021-06-08 23:59:10'),
('TecEquipo3', '2021-06-10 00:07:42'),
('TecEquipo6', '2021-06-10 00:08:45'),
('TecEquipo2', '2021-06-10 00:16:38'),
('OmegaSquad', '2021-06-10 00:52:58'),
('TecEquipo4', '2021-06-10 01:01:22'),
('TecEquipo4', '2021-06-10 02:15:04'),
('OmegaSquad', '2021-06-10 02:18:19'),
('TecEquipo4', '2021-06-10 02:18:59'),
('TecEquipo4', '2021-06-10 02:23:10'),
('TecEquipo4', '2021-06-09 06:39:36'),
('TecEquipo4', '2021-06-09 06:42:52'),
('TecEquipo4', '2021-06-09 06:54:13'),
('TecEquipo4', '2021-06-09 07:00:44'),
('TecEquipo4', '2021-06-09 17:28:18'),
('TecEquipo4', '2021-06-09 19:52:23');

-- --------------------------------------------------------

--
-- Estructura de tabla para la tabla `juego`
--

DROP TABLE IF EXISTS `juego`;
CREATE TABLE IF NOT EXISTS `juego` (
  `id` int(11) NOT NULL AUTO_INCREMENT,
  `user` varchar(128) NOT NULL,
  `startTime` timestamp NOT NULL,
  `endTime` timestamp NOT NULL,
  PRIMARY KEY (`id`)
) ENGINE=InnoDB AUTO_INCREMENT=112 DEFAULT CHARSET=latin1;

--
-- Volcado de datos para la tabla `juego`
--

INSERT INTO `juego` (`id`, `user`, `startTime`, `endTime`) VALUES
(1, 'user1', '2021-04-27 22:31:02', '2021-04-27 22:54:02'),
(2, 'user2', '2021-04-28 22:34:45', '2021-04-28 22:54:45'),
(3, 'user1', '2021-05-19 05:00:00', '2021-05-20 05:00:00'),
(4, 'user1', '2021-05-25 08:00:00', '2021-05-26 00:00:00'),
(5, 'user2', '2021-05-25 22:00:18', '2021-05-25 22:22:18'),
(6, 'TecEquipo4', '2021-05-25 05:00:00', '2021-05-25 17:00:00'),
(7, 'TecEquipo4', '2021-05-27 11:00:00', '2021-05-27 20:00:00'),
(8, 'TecEquipo4', '2021-05-24 09:00:00', '2021-05-25 00:00:00'),
(9, 'TecEquipo4', '2021-05-24 23:00:00', '2021-05-25 02:00:00'),
(10, 'TecEquipo4', '2021-05-26 17:00:00', '2021-05-26 21:00:00'),
(11, 'TecEquipo4', '2021-05-20 18:00:00', '2021-05-21 02:00:00'),
(12, 'TecEquipo4', '2021-05-27 19:00:00', '2021-05-28 00:00:00'),
(13, 'TecEquipo4', '2021-05-28 15:00:00', '2021-05-28 16:00:00'),
(14, 'TecEquipo4', '2021-05-28 06:16:29', '2021-05-28 06:48:37'),
(15, 'TecEquipo4', '2021-05-31 12:00:00', '2021-05-31 14:00:00'),
(16, 'TecEquipo4', '2021-06-01 08:00:00', '2021-06-01 09:00:00'),
(17, 'TecEquipo4', '2021-06-04 07:00:00', '2021-06-04 11:00:00'),
(18, 'TecEquipo4', '2021-06-02 07:00:00', '2021-06-02 10:00:00'),
(19, 'TecEquipo4', '2021-06-03 15:00:00', '2021-06-03 20:00:00'),
(20, 'TecEquipo4', '2021-06-07 19:56:17', '2021-06-07 19:56:17'),
(21, 'TecEquipo4', '2021-06-07 19:56:49', '2021-06-07 19:56:49'),
(22, 'TecEquipo4', '2021-06-07 19:58:11', '2021-06-07 19:58:11'),
(23, 'TecEquipo4', '2021-06-07 19:58:47', '2021-06-07 19:58:47'),
(24, 'TecEquipo4', '2021-06-07 19:59:40', '2021-06-07 19:59:40'),
(25, 'TecEquipo4', '2021-06-07 20:01:27', '2021-06-07 21:01:27'),
(26, 'TecEquipo4', '2021-06-07 20:01:38', '2021-06-07 20:01:38'),
(27, 'TecEquipo4', '2021-06-07 20:01:49', '2021-06-07 20:01:49'),
(28, 'TecEquipo4', '2021-06-07 20:02:00', '2021-06-07 20:02:00'),
(29, 'TecEquipo4', '2021-06-07 20:02:55', '2021-06-07 20:02:55'),
(30, 'TecEquipo4', '2021-06-07 20:04:32', '2021-06-07 20:04:32'),
(31, 'TecEquipo1', '2021-06-07 21:34:36', '2021-06-07 21:34:36'),
(32, 'TecEquipo4', '2021-06-07 20:04:32', '2021-06-07 21:04:32'),
(33, 'TecEquipo4', '2021-06-07 20:04:32', '2021-06-07 21:04:32'),
(34, 'TecEquipo4', '2021-06-07 20:04:32', '2021-06-07 21:04:32'),
(35, 'TecEquipo4', '2021-06-07 20:04:32', '2021-06-07 21:04:32'),
(36, 'TecEquipo4', '2021-06-08 07:58:12', '2021-06-08 07:58:56'),
(37, 'TecEquipo4', '2021-06-08 08:03:31', '2021-06-08 08:04:56'),
(38, 'TecEquipo4', '2021-06-08 08:05:05', '2021-06-08 08:05:48'),
(39, 'TecEquipo4', '2021-06-08 08:07:55', '2021-06-08 08:08:11'),
(40, 'TecEquipo4', '2021-06-08 08:08:17', '2021-06-08 08:08:17'),
(41, 'TecEquipo4', '2021-06-08 08:09:47', '2021-06-08 08:10:11'),
(42, 'TecEquipo4', '2021-06-08 08:11:17', '2021-06-08 08:11:17'),
(43, 'TecEquipo4', '2021-06-08 08:11:53', '2021-06-08 08:12:05'),
(44, 'TecEquipo4', '2021-06-08 08:13:06', '2021-06-08 08:13:27'),
(45, 'TecEquipo4', '2021-06-08 08:13:31', '2021-06-08 08:13:31'),
(46, 'TecEquipo4', '2021-06-08 08:41:25', '2021-06-08 08:41:49'),
(47, 'TecEquipo4', '2021-06-08 18:40:49', '2021-06-08 18:40:49'),
(48, 'TecEquipo4', '2021-06-08 18:44:31', '2021-06-08 18:44:31'),
(49, 'TecEquipo4', '2021-06-08 18:53:46', '2021-06-08 18:54:15'),
(50, 'TecEquipo4', '2021-06-08 18:54:20', '2021-06-08 18:54:42'),
(51, 'TecEquipo4', '2021-06-08 18:54:45', '2021-06-08 18:55:48'),
(52, 'TecEquipo4', '2021-06-08 18:55:51', '2021-06-08 18:56:14'),
(53, 'TecEquipo4', '2021-06-08 19:01:22', '2021-06-08 19:01:22'),
(54, 'TecEquipo4', '2021-06-08 19:03:24', '2021-06-08 19:03:24'),
(55, 'TecEquipo4', '2021-06-08 19:07:06', '2021-06-08 19:07:06'),
(56, 'TecEquipo4', '2021-06-08 19:58:18', '2021-06-08 19:58:39'),
(57, 'TecEquipo4', '2021-06-08 20:39:02', '2021-06-08 20:39:15'),
(58, 'TecEquipo4', '2021-06-08 20:42:05', '2021-06-08 20:42:24'),
(59, 'TecEquipo4', '2021-06-08 20:44:29', '2021-06-08 20:44:45'),
(60, 'TecEquipo4', '2021-06-08 20:51:20', '2021-06-08 20:52:26'),
(61, 'TecEquipo4', '2021-06-08 21:15:07', '2021-06-08 21:15:27'),
(62, 'TecEquipo4', '2021-06-08 21:52:22', '2021-06-08 21:52:39'),
(63, 'TecEquipo5', '2021-06-08 22:15:28', '2021-06-08 22:15:51'),
(64, 'TecEquipo5', '2021-06-08 22:17:30', '2021-06-08 22:17:53'),
(67, 'TecEquipo5', '2021-06-08 22:57:12', '2021-06-08 22:57:12'),
(69, 'TecEquipo5', '2021-06-08 23:33:15', '2021-06-08 23:33:52'),
(70, 'TecEquipo5', '2021-06-08 23:56:22', '2021-06-08 23:56:43'),
(71, 'TecEquipo5', '2021-06-08 23:56:46', '2021-06-08 23:57:25'),
(72, 'TecEquipo5', '2021-06-08 23:57:27', '2021-06-08 23:57:42'),
(73, 'TecEquipo5', '2021-06-08 23:57:44', '2021-06-08 23:58:01'),
(74, 'TecEquipo5', '2021-06-08 23:58:03', '2021-06-08 23:59:02'),
(75, 'TecEquipo1', '2021-06-08 23:59:28', '2021-06-08 23:59:56'),
(76, 'TecEquipo1', '2021-06-09 00:00:21', '2021-06-09 00:00:41'),
(77, 'TecEquipo1', '2021-06-09 00:00:45', '2021-06-09 00:01:05'),
(78, 'TecEquipo1', '2021-06-09 00:01:32', '2021-06-09 00:02:01'),
(79, 'TecEquipo1', '2021-06-09 00:02:29', '2021-06-09 00:02:51'),
(80, 'TecEquipo1', '2021-06-09 00:02:53', '2021-06-09 00:03:15'),
(81, 'TecEquipo1', '2021-06-09 00:03:17', '2021-06-09 00:03:48'),
(82, 'TecEquipo1', '2021-06-09 00:03:51', '2021-06-09 00:04:20'),
(83, 'TecEquipo1', '2021-06-09 00:04:22', '2021-06-09 00:04:42'),
(84, 'TecEquipo1', '2021-06-09 00:04:44', '2021-06-09 00:05:06'),
(85, 'TecEquipo1', '2021-06-09 00:05:13', '2021-06-09 00:05:41'),
(86, 'TecEquipo1', '2021-06-09 00:05:43', '2021-06-09 00:06:23'),
(87, 'TecEquipo1', '2021-06-09 00:06:25', '2021-06-09 00:06:42'),
(88, 'TecEquipo1', '2021-06-09 00:06:44', '2021-06-09 00:06:44'),
(89, 'TecEquipo1', '2021-06-09 00:07:11', '2021-06-09 00:07:33'),
(90, 'TecEquipo1', '2021-06-09 00:07:36', '2021-06-09 00:08:11'),
(91, 'TecEquipo3', '2021-06-09 00:08:23', '2021-06-09 00:08:51'),
(92, 'TecEquipo3', '2021-06-09 00:08:53', '2021-06-09 00:10:19'),
(93, 'TecEquipo6', '2021-06-09 00:09:43', '2021-06-09 00:10:28'),
(94, 'TecEquipo3', '2021-06-09 00:10:26', '2021-06-09 00:10:53'),
(95, 'TecEquipo3', '2021-06-09 00:10:55', '2021-06-09 00:11:31'),
(96, 'TecEquipo6', '2021-06-09 00:10:30', '2021-06-09 00:10:52'),
(97, 'TecEquipo6', '2021-06-09 00:10:54', '2021-06-09 00:11:59'),
(98, 'TecEquipo6', '2021-06-09 00:12:51', '2021-06-09 00:12:51'),
(99, 'TecEquipo6', '2021-06-09 00:13:03', '2021-06-09 00:13:03'),
(100, 'TecEquipo6', '2021-06-09 00:14:15', '2021-06-09 00:14:32'),
(101, 'TecEquipo2', '2021-06-09 00:16:46', '2021-06-09 00:17:10'),
(102, 'TecEquipo2', '2021-06-09 00:17:13', '2021-06-09 00:17:42'),
(103, 'OmegaSquad', '2021-06-09 00:57:24', '2021-06-09 00:57:56'),
(104, 'OmegaSquad', '2021-06-09 00:57:59', '2021-06-09 00:58:39'),
(105, 'TecEquipo4', '2021-06-09 01:11:27', '2021-06-09 01:11:27'),
(106, 'TecEquipo4', '2021-06-09 01:56:27', '2021-06-09 01:57:48'),
(107, 'TecEquipo4', '2021-06-09 02:15:25', '2021-06-09 02:16:51'),
(108, 'TecEquipo4', '2021-06-09 02:23:38', '2021-06-09 02:24:09'),
(109, 'TecEquipo4', '2021-06-09 07:32:27', '2021-06-09 07:32:53'),
(110, 'TecEquipo4', '2021-06-09 17:28:41', '2021-06-09 17:30:23'),
(111, 'TecEquipo4', '2021-06-09 19:54:56', '2021-06-09 19:55:36');

-- --------------------------------------------------------

--
-- Estructura de tabla para la tabla `logros`
--

DROP TABLE IF EXISTS `logros`;
CREATE TABLE IF NOT EXISTS `logros` (
  `user` varchar(128) NOT NULL,
  `id` int(11) NOT NULL AUTO_INCREMENT,
  `type` int(11) NOT NULL,
  `earnTime` timestamp NOT NULL,
  PRIMARY KEY (`id`),
  KEY `type` (`type`)
) ENGINE=InnoDB AUTO_INCREMENT=45 DEFAULT CHARSET=latin1;

--
-- Volcado de datos para la tabla `logros`
--

INSERT INTO `logros` (`user`, `id`, `type`, `earnTime`) VALUES
('TecEquipo4', 4, 7, '2021-06-03 11:00:00'),
('TecEquipo4', 30, 3, '2021-06-08 05:57:20'),
('TecEquipo4', 31, 4, '2021-06-08 05:57:20'),
('TecEquipo4', 32, 5, '2021-06-08 20:42:24'),
('TecEquipo4', 33, 12, '2021-06-08 20:42:24'),
('TecEquipo5', 34, 12, '2021-06-08 22:15:51'),
('TecEquipo5', 36, 3, '2021-06-08 23:56:43'),
('TecEquipo1', 37, 12, '2021-06-09 00:00:30'),
('TecEquipo1', 38, 3, '2021-06-09 00:02:35'),
('TecEquipo1', 39, 4, '2021-06-09 00:05:16'),
('TecEquipo3', 40, 12, '2021-06-09 00:08:45'),
('TecEquipo6', 41, 12, '2021-06-09 00:10:53'),
('TecEquipo6', 42, 3, '2021-06-09 00:15:06'),
('TecEquipo2', 43, 12, '2021-06-09 00:17:44'),
('OmegaSquad', 44, 12, '2021-06-09 00:57:57');

-- --------------------------------------------------------

--
-- Estructura de tabla para la tabla `pregunta`
--

DROP TABLE IF EXISTS `pregunta`;
CREATE TABLE IF NOT EXISTS `pregunta` (
  `id` int(11) NOT NULL AUTO_INCREMENT,
  `tipo` int(11) NOT NULL,
  `startTime` timestamp NOT NULL,
  `endTime` timestamp NOT NULL,
  `isCorrecta` tinyint(4) NOT NULL,
  `idJuego` int(11) NOT NULL,
  PRIMARY KEY (`id`),
  KEY `idJuego` (`idJuego`),
  KEY `tipo` (`tipo`)
) ENGINE=InnoDB AUTO_INCREMENT=411 DEFAULT CHARSET=latin1;

--
-- Volcado de datos para la tabla `pregunta`
--

INSERT INTO `pregunta` (`id`, `tipo`, `startTime`, `endTime`, `isCorrecta`, `idJuego`) VALUES
(1, 2, '2021-04-27 22:32:54', '2021-04-27 22:33:54', 0, 1),
(2, 1, '2021-04-27 22:37:13', '2021-04-27 22:37:38', 1, 1),
(3, 1, '2021-04-27 22:40:13', '2021-04-27 22:41:39', 0, 1),
(4, 2, '2021-04-26 22:39:29', '2021-04-26 22:42:59', 1, 2),
(5, 1, '2021-04-26 22:42:59', '2021-04-26 22:47:59', 1, 2),
(6, 1, '2021-05-25 21:42:11', '2021-05-25 21:46:11', 1, 4),
(7, 1, '2021-05-25 21:42:11', '2021-05-25 21:44:11', 0, 4),
(8, 1, '2021-05-25 21:53:18', '2021-05-25 21:55:18', 1, 5),
(9, 1, '2021-05-25 22:08:25', '2021-05-25 22:11:25', 1, 4),
(10, 1, '2021-05-25 22:08:25', '2021-05-25 22:12:25', 1, 4),
(11, 4, '2021-05-27 17:00:00', '2021-05-27 19:00:00', 1, 6),
(12, 5, '2021-05-27 12:00:00', '2021-05-27 18:00:00', 1, 12),
(13, 5, '2021-05-27 11:00:00', '2021-05-26 00:00:00', 1, 12),
(14, 4, '2021-05-27 11:00:00', '2021-05-27 07:00:00', 1, 12),
(15, 7, '2021-05-28 09:00:00', '2021-05-28 10:00:00', 1, 13),
(16, 8, '2021-05-28 06:00:00', '2021-05-28 08:00:00', 1, 14),
(21, 6, '2021-05-26 07:00:00', '2021-05-26 08:00:00', 1, 13),
(22, 9, '2021-05-25 08:00:00', '2021-05-25 09:00:00', 1, 13),
(23, 4, '2021-05-24 07:00:00', '2021-05-28 11:00:00', 1, 10),
(24, 3, '2021-05-26 06:00:00', '2021-05-26 10:00:00', 1, 12),
(25, 3, '2021-05-26 06:00:00', '2021-05-28 06:11:00', 1, 10),
(26, 3, '2021-05-26 08:00:00', '2021-05-28 09:00:00', 1, 10),
(27, 8, '2021-05-28 06:00:00', '2021-05-28 08:00:00', 1, 11),
(28, 3, '2021-05-28 06:00:00', '2021-05-28 06:11:00', 1, 12),
(29, 7, '2021-05-28 08:00:00', '2021-05-28 09:00:00', 1, 13),
(30, 7, '2021-05-28 11:00:00', '2021-05-28 13:00:00', 1, 13),
(31, 7, '2021-06-08 07:58:19', '2021-06-08 07:58:25', 0, 36),
(32, 3, '2021-06-08 07:58:28', '2021-06-08 07:58:30', 0, 36),
(33, 8, '2021-06-08 07:58:33', '2021-06-08 07:58:34', 0, 36),
(35, 5, '2021-06-08 07:58:41', '2021-06-08 07:58:56', 0, 36),
(36, 7, '2021-06-08 08:03:37', '2021-06-08 08:03:44', 0, 37),
(37, 5, '2021-06-08 08:03:47', '2021-06-08 08:03:57', 1, 37),
(39, 7, '2021-06-08 08:04:08', '2021-06-08 08:04:49', 0, 37),
(41, 5, '2021-06-08 08:04:55', '2021-06-08 08:04:56', 0, 37),
(42, 3, '2021-06-08 08:05:12', '2021-06-08 08:05:14', 1, 38),
(43, 5, '2021-06-08 08:05:31', '2021-06-08 08:05:32', 0, 38),
(44, 3, '2021-06-08 08:05:35', '2021-06-08 08:05:35', 0, 38),
(46, 9, '2021-06-08 08:05:39', '2021-06-08 08:05:40', 1, 38),
(47, 6, '2021-06-08 08:05:42', '2021-06-08 08:05:43', 0, 38),
(48, 9, '2021-06-08 08:05:46', '2021-06-08 08:05:48', 0, 38),
(49, 7, '2021-06-08 08:08:00', '2021-06-08 08:08:02', 0, 39),
(51, 5, '2021-06-08 08:08:05', '2021-06-08 08:08:06', 0, 39),
(52, 6, '2021-06-08 08:08:07', '2021-06-08 08:08:08', 0, 39),
(53, 3, '2021-06-08 08:08:09', '2021-06-08 08:08:11', 0, 39),
(54, 3, '2021-06-08 08:08:23', '2021-06-08 08:08:24', 0, 40),
(55, 8, '2021-06-08 08:08:25', '2021-06-08 08:08:27', 0, 40),
(57, 9, '2021-06-08 08:08:31', '2021-06-08 08:08:32', 0, 40),
(58, 3, '2021-06-08 08:09:53', '2021-06-08 08:09:54', 0, 41),
(59, 6, '2021-06-08 08:09:53', '2021-06-08 08:09:57', 1, 41),
(60, 9, '2021-06-08 08:10:00', '2021-06-08 08:10:00', 0, 41),
(61, 5, '2021-06-08 08:10:01', '2021-06-08 08:10:02', 0, 41),
(62, 6, '2021-06-08 08:10:03', '2021-06-08 08:10:05', 0, 41),
(64, 7, '2021-06-08 08:11:23', '2021-06-08 08:11:24', 1, 42),
(65, 7, '2021-06-08 08:11:59', '2021-06-08 08:12:00', 0, 43),
(66, 3, '2021-06-08 08:12:02', '2021-06-08 08:12:03', 0, 43),
(67, 8, '2021-06-08 08:12:02', '2021-06-08 08:12:03', 0, 43),
(69, 6, '2021-06-08 08:12:03', '2021-06-08 08:12:05', 0, 43),
(70, 3, '2021-06-08 08:13:14', '2021-06-08 08:13:17', 1, 44),
(72, 5, '2021-06-08 08:13:20', '2021-06-08 08:13:23', 0, 44),
(73, 6, '2021-06-08 08:13:20', '2021-06-08 08:13:24', 0, 44),
(74, 7, '2021-06-08 08:13:24', '2021-06-08 08:13:25', 0, 44),
(75, 9, '2021-06-08 08:13:27', '2021-06-08 08:13:27', 0, 44),
(76, 7, '2021-06-08 08:41:33', '2021-06-08 08:41:36', 0, 46),
(78, 5, '2021-06-08 08:41:41', '2021-06-08 08:41:42', 1, 46),
(79, 9, '2021-06-08 08:41:44', '2021-06-08 08:41:45', 0, 46),
(80, 6, '2021-06-08 08:41:46', '2021-06-08 08:41:47', 0, 46),
(81, 8, '2021-06-08 08:41:48', '2021-06-08 08:41:49', 0, 46),
(82, 3, '2021-06-08 18:53:54', '2021-06-08 18:53:56', 1, 49),
(83, 8, '2021-06-08 18:54:00', '2021-06-08 18:54:00', 0, 49),
(84, 9, '2021-06-08 18:54:02', '2021-06-08 18:54:03', 1, 49),
(85, 5, '2021-06-08 18:54:05', '2021-06-08 18:54:06', 0, 49),
(86, 6, '2021-06-08 18:54:08', '2021-06-08 18:54:09', 0, 49),
(87, 8, '2021-06-08 18:54:11', '2021-06-08 18:54:12', 0, 49),
(88, 7, '2021-06-08 18:54:13', '2021-06-08 18:54:15', 0, 49),
(89, 6, '2021-06-08 18:54:28', '2021-06-08 18:54:29', 0, 50),
(90, 3, '2021-06-08 18:54:31', '2021-06-08 18:54:32', 0, 50),
(91, 9, '2021-06-08 18:54:33', '2021-06-08 18:54:35', 0, 50),
(92, 6, '2021-06-08 18:54:36', '2021-06-08 18:54:38', 0, 50),
(93, 3, '2021-06-08 18:54:40', '2021-06-08 18:54:42', 0, 50),
(94, 3, '2021-06-08 18:55:13', '2021-06-08 18:55:14', 0, 51),
(95, 8, '2021-06-08 18:55:17', '2021-06-08 18:55:18', 1, 51),
(97, 3, '2021-06-08 18:55:40', '2021-06-08 18:55:42', 0, 51),
(98, 9, '2021-06-08 18:55:44', '2021-06-08 18:55:45', 0, 51),
(99, 6, '2021-06-08 18:55:47', '2021-06-08 18:55:48', 0, 51),
(100, 8, '2021-06-08 18:55:58', '2021-06-08 18:56:00', 0, 52),
(101, 9, '2021-06-08 18:56:02', '2021-06-08 18:56:04', 0, 52),
(102, 3, '2021-06-08 18:56:07', '2021-06-08 18:56:08', 0, 52),
(103, 6, '2021-06-08 18:56:10', '2021-06-08 18:56:11', 0, 52),
(104, 5, '2021-06-08 18:56:13', '2021-06-08 18:56:14', 0, 52),
(105, 3, '2021-06-08 19:58:28', '2021-06-08 19:58:29', 0, 56),
(106, 9, '2021-06-08 19:58:30', '2021-06-08 19:58:31', 0, 56),
(107, 3, '2021-06-08 19:58:32', '2021-06-08 19:58:33', 0, 56),
(108, 5, '2021-06-08 19:58:35', '2021-06-08 19:58:36', 1, 56),
(109, 8, '2021-06-08 19:58:37', '2021-06-08 19:58:38', 0, 56),
(110, 6, '2021-06-08 19:58:39', '2021-06-08 19:58:39', 0, 56),
(111, 3, '2021-06-08 20:39:13', '2021-06-08 20:39:14', 0, 57),
(112, 3, '2021-06-08 20:39:13', '2021-06-08 20:39:14', 0, 57),
(113, 3, '2021-06-08 20:39:13', '2021-06-08 20:39:14', 0, 57),
(114, 3, '2021-06-08 20:39:13', '2021-06-08 20:39:14', 0, 57),
(115, 3, '2021-06-08 20:39:13', '2021-06-08 20:39:15', 0, 57),
(116, 3, '2021-06-08 20:42:13', '2021-06-08 20:42:15', 0, 58),
(118, 9, '2021-06-08 20:42:18', '2021-06-08 20:42:19', 0, 58),
(119, 6, '2021-06-08 20:42:21', '2021-06-08 20:42:22', 0, 58),
(120, 3, '2021-06-08 20:42:23', '2021-06-08 20:42:24', 0, 58),
(121, 3, '2021-06-08 20:44:36', '2021-06-08 20:44:37', 0, 59),
(122, 9, '2021-06-08 20:44:38', '2021-06-08 20:44:39', 0, 59),
(123, 5, '2021-06-08 20:44:40', '2021-06-08 20:44:41', 0, 59),
(124, 3, '2021-06-08 20:44:42', '2021-06-08 20:44:43', 0, 59),
(125, 9, '2021-06-08 20:44:44', '2021-06-08 20:44:45', 0, 59),
(126, 3, '2021-06-08 20:51:27', '2021-06-08 20:51:29', 0, 60),
(127, 9, '2021-06-08 20:51:32', '2021-06-08 20:51:33', 0, 60),
(128, 5, '2021-06-08 20:51:37', '2021-06-08 20:51:38', 0, 60),
(129, 7, '2021-06-08 20:51:41', '2021-06-08 20:51:47', 1, 60),
(130, 3, '2021-06-08 20:51:52', '2021-06-08 20:52:01', 1, 60),
(131, 9, '2021-06-08 20:52:22', '2021-06-08 20:52:24', 0, 60),
(132, 3, '2021-06-08 20:52:25', '2021-06-08 20:52:26', 0, 60),
(133, 8, '2021-06-08 21:15:17', '2021-06-08 21:15:18', 0, 61),
(134, 9, '2021-06-08 21:15:20', '2021-06-08 21:15:21', 0, 61),
(135, 7, '2021-06-08 21:15:22', '2021-06-08 21:15:23', 0, 61),
(136, 6, '2021-06-08 21:15:24', '2021-06-08 21:15:25', 0, 61),
(137, 8, '2021-06-08 21:15:26', '2021-06-08 21:15:27', 0, 61),
(138, 3, '2021-06-08 21:52:30', '2021-06-08 21:52:31', 0, 62),
(140, 5, '2021-06-08 21:52:34', '2021-06-08 21:52:34', 0, 62),
(142, 7, '2021-06-08 21:52:38', '2021-06-08 21:52:39', 0, 62),
(143, 8, '2021-06-08 22:15:35', '2021-06-08 22:15:38', 0, 63),
(144, 3, '2021-06-08 22:15:39', '2021-06-08 22:15:40', 1, 63),
(146, 5, '2021-06-08 22:15:44', '2021-06-08 22:15:46', 0, 63),
(147, 9, '2021-06-08 22:15:47', '2021-06-08 22:15:48', 0, 63),
(148, 3, '2021-06-08 22:15:50', '2021-06-08 22:15:51', 0, 63),
(150, 5, '2021-06-08 22:17:42', '2021-06-08 22:17:43', 1, 64),
(151, 9, '2021-06-08 22:17:44', '2021-06-08 22:17:46', 0, 64),
(153, 3, '2021-06-08 22:17:49', '2021-06-08 22:17:51', 0, 64),
(154, 6, '2021-06-08 22:17:52', '2021-06-08 22:17:53', 0, 64),
(161, 8, '2021-06-08 23:33:25', '2021-06-08 23:33:34', 1, 69),
(162, 7, '2021-06-08 23:33:25', '2021-06-08 23:33:36', 0, 69),
(163, 9, '2021-06-08 23:33:39', '2021-06-08 23:33:40', 1, 69),
(164, 7, '2021-06-08 23:33:43', '2021-06-08 23:33:44', 0, 69),
(165, 8, '2021-06-08 23:33:45', '2021-06-08 23:33:47', 0, 69),
(166, 9, '2021-06-08 23:33:48', '2021-06-08 23:33:49', 0, 69),
(167, 5, '2021-06-08 23:33:50', '2021-06-08 23:33:52', 0, 69),
(168, 3, '2021-06-08 23:56:29', '2021-06-08 23:56:30', 0, 70),
(170, 5, '2021-06-08 23:56:34', '2021-06-08 23:56:35', 0, 70),
(171, 6, '2021-06-08 23:56:36', '2021-06-08 23:56:37', 1, 70),
(172, 7, '2021-06-08 23:56:40', '2021-06-08 23:56:40', 0, 70),
(173, 9, '2021-06-08 23:56:43', '2021-06-08 23:56:43', 0, 70),
(174, 7, '2021-06-08 23:56:52', '2021-06-08 23:57:17', 0, 71),
(176, 5, '2021-06-08 23:57:20', '2021-06-08 23:57:21', 0, 71),
(177, 3, '2021-06-08 23:57:20', '2021-06-08 23:57:22', 0, 71),
(178, 9, '2021-06-08 23:57:24', '2021-06-08 23:57:25', 0, 71),
(179, 3, '2021-06-08 23:57:36', '2021-06-08 23:57:37', 0, 72),
(180, 9, '2021-06-08 23:57:36', '2021-06-08 23:57:38', 0, 72),
(181, 6, '2021-06-08 23:57:36', '2021-06-08 23:57:40', 0, 72),
(182, 3, '2021-06-08 23:57:40', '2021-06-08 23:57:40', 0, 72),
(183, 5, '2021-06-08 23:57:42', '2021-06-08 23:57:42', 0, 72),
(184, 3, '2021-06-08 23:57:50', '2021-06-08 23:57:53', 0, 73),
(186, 6, '2021-06-08 23:57:50', '2021-06-08 23:57:56', 0, 73),
(187, 5, '2021-06-08 23:57:57', '2021-06-08 23:57:57', 1, 73),
(188, 5, '2021-06-08 23:58:00', '2021-06-08 23:58:00', 0, 73),
(189, 6, '2021-06-08 23:58:00', '2021-06-08 23:58:01', 0, 73),
(190, 5, '2021-06-08 23:58:27', '2021-06-08 23:58:29', 1, 74),
(191, 5, '2021-06-08 23:58:30', '2021-06-08 23:58:32', 1, 74),
(192, 6, '2021-06-08 23:58:35', '2021-06-08 23:58:37', 0, 74),
(193, 7, '2021-06-08 23:58:41', '2021-06-08 23:58:42', 0, 74),
(194, 3, '2021-06-08 23:58:45', '2021-06-08 23:58:46', 0, 74),
(195, 5, '2021-06-08 23:58:49', '2021-06-08 23:58:51', 0, 74),
(196, 5, '2021-06-08 23:58:55', '2021-06-08 23:58:57', 1, 74),
(197, 6, '2021-06-08 23:59:00', '2021-06-08 23:59:02', 0, 74),
(198, 7, '2021-06-08 23:59:43', '2021-06-08 23:59:44', 0, 75),
(199, 8, '2021-06-08 23:59:45', '2021-06-08 23:59:46', 0, 75),
(200, 9, '2021-06-08 23:59:48', '2021-06-08 23:59:48', 1, 75),
(201, 6, '2021-06-08 23:59:50', '2021-06-08 23:59:51', 0, 75),
(202, 9, '2021-06-08 23:59:52', '2021-06-08 23:59:53', 0, 75),
(203, 3, '2021-06-08 23:59:54', '2021-06-08 23:59:56', 0, 75),
(204, 3, '2021-06-09 00:00:30', '2021-06-09 00:00:32', 0, 76),
(206, 5, '2021-06-09 00:00:36', '2021-06-09 00:00:37', 0, 76),
(208, 7, '2021-06-09 00:00:40', '2021-06-09 00:00:41', 0, 76),
(209, 9, '2021-06-09 00:00:51', '2021-06-09 00:00:52', 1, 77),
(211, 3, '2021-06-09 00:00:57', '2021-06-09 00:00:58', 0, 77),
(212, 7, '2021-06-09 00:01:00', '2021-06-09 00:01:01', 0, 77),
(213, 5, '2021-06-09 00:01:02', '2021-06-09 00:01:03', 0, 77),
(216, 3, '2021-06-09 00:01:49', '2021-06-09 00:01:50', 0, 78),
(217, 6, '2021-06-09 00:01:51', '2021-06-09 00:01:52', 0, 78),
(218, 9, '2021-06-09 00:01:54', '2021-06-09 00:01:55', 0, 78),
(219, 7, '2021-06-09 00:01:58', '2021-06-09 00:02:01', 0, 78),
(220, 3, '2021-06-09 00:02:37', '2021-06-09 00:02:38', 0, 79),
(221, 9, '2021-06-09 00:02:40', '2021-06-09 00:02:41', 0, 79),
(223, 3, '2021-06-09 00:02:46', '2021-06-09 00:02:47', 0, 79),
(224, 6, '2021-06-09 00:02:50', '2021-06-09 00:02:51', 0, 79),
(225, 7, '2021-06-09 00:02:59', '2021-06-09 00:03:01', 0, 80),
(226, 9, '2021-06-09 00:03:04', '2021-06-09 00:03:05', 0, 80),
(228, 8, '2021-06-09 00:03:08', '2021-06-09 00:03:10', 0, 80),
(229, 3, '2021-06-09 00:03:14', '2021-06-09 00:03:15', 0, 80),
(230, 7, '2021-06-09 00:03:24', '2021-06-09 00:03:25', 0, 81),
(231, 9, '2021-06-09 00:03:28', '2021-06-09 00:03:31', 0, 81),
(232, 5, '2021-06-09 00:03:33', '2021-06-09 00:03:34', 1, 81),
(233, 5, '2021-06-09 00:03:34', '2021-06-09 00:03:36', 1, 81),
(234, 5, '2021-06-09 00:03:37', '2021-06-09 00:03:39', 0, 81),
(235, 6, '2021-06-09 00:03:42', '2021-06-09 00:03:43', 0, 81),
(236, 7, '2021-06-09 00:03:47', '2021-06-09 00:03:48', 0, 81),
(237, 8, '2021-06-09 00:04:00', '2021-06-09 00:04:02', 1, 82),
(238, 6, '2021-06-09 00:04:05', '2021-06-09 00:04:07', 0, 82),
(239, 7, '2021-06-09 00:04:10', '2021-06-09 00:04:10', 0, 82),
(240, 5, '2021-06-09 00:04:14', '2021-06-09 00:04:15', 0, 82),
(241, 5, '2021-06-09 00:04:17', '2021-06-09 00:04:18', 0, 82),
(242, 6, '2021-06-09 00:04:19', '2021-06-09 00:04:20', 0, 82),
(243, 5, '2021-06-09 00:04:29', '2021-06-09 00:04:31', 0, 83),
(244, 9, '2021-06-09 00:04:33', '2021-06-09 00:04:34', 0, 83),
(245, 5, '2021-06-09 00:04:34', '2021-06-09 00:04:36', 0, 83),
(246, 5, '2021-06-09 00:04:37', '2021-06-09 00:04:39', 0, 83),
(247, 6, '2021-06-09 00:04:39', '2021-06-09 00:04:42', 0, 83),
(248, 9, '2021-06-09 00:04:51', '2021-06-09 00:04:53', 0, 84),
(249, 8, '2021-06-09 00:04:55', '2021-06-09 00:04:56', 0, 84),
(250, 6, '2021-06-09 00:05:00', '2021-06-09 00:05:02', 0, 84),
(251, 7, '2021-06-09 00:05:03', '2021-06-09 00:05:04', 0, 84),
(252, 3, '2021-06-09 00:05:05', '2021-06-09 00:05:06', 0, 84),
(253, 8, '2021-06-09 00:05:20', '2021-06-09 00:05:23', 0, 85),
(255, 3, '2021-06-09 00:05:29', '2021-06-09 00:05:30', 0, 85),
(256, 7, '2021-06-09 00:05:33', '2021-06-09 00:05:37', 0, 85),
(259, 8, '2021-06-09 00:06:03', '2021-06-09 00:06:04', 0, 86),
(260, 9, '2021-06-09 00:06:05', '2021-06-09 00:06:06', 0, 86),
(261, 7, '2021-06-09 00:06:18', '2021-06-09 00:06:19', 0, 86),
(262, 9, '2021-06-09 00:06:22', '2021-06-09 00:06:23', 0, 86),
(263, 6, '2021-06-09 00:06:32', '2021-06-09 00:06:34', 0, 87),
(265, 3, '2021-06-09 00:06:37', '2021-06-09 00:06:37', 0, 87),
(266, 3, '2021-06-09 00:06:39', '2021-06-09 00:06:40', 0, 87),
(268, 3, '2021-06-09 00:07:20', '2021-06-09 00:07:21', 0, 89),
(269, 7, '2021-06-09 00:07:22', '2021-06-09 00:07:24', 0, 89),
(271, 3, '2021-06-09 00:07:27', '2021-06-09 00:07:28', 1, 89),
(272, 3, '2021-06-09 00:07:29', '2021-06-09 00:07:31', 0, 89),
(273, 7, '2021-06-09 00:07:32', '2021-06-09 00:07:33', 0, 89),
(274, 3, '2021-06-09 00:07:54', '2021-06-09 00:07:55', 0, 90),
(276, 8, '2021-06-09 00:08:29', '2021-06-09 00:08:31', 0, 91),
(277, 7, '2021-06-09 00:07:58', '2021-06-09 00:07:58', 0, 90),
(278, 6, '2021-06-09 00:08:29', '2021-06-09 00:08:33', 0, 91),
(279, 5, '2021-06-09 00:08:34', '2021-06-09 00:08:35', 0, 91),
(280, 3, '2021-06-09 00:08:00', '2021-06-09 00:08:01', 1, 90),
(281, 5, '2021-06-09 00:08:36', '2021-06-09 00:08:38', 1, 91),
(282, 5, '2021-06-09 00:08:39', '2021-06-09 00:08:40', 0, 91),
(283, 3, '2021-06-09 00:08:07', '2021-06-09 00:08:08', 0, 90),
(284, 5, '2021-06-09 00:08:43', '2021-06-09 00:08:44', 1, 91),
(285, 7, '2021-06-09 00:08:10', '2021-06-09 00:08:11', 0, 90),
(286, 3, '2021-06-09 00:08:49', '2021-06-09 00:08:51', 0, 91),
(287, 5, '2021-06-09 00:09:10', '2021-06-09 00:09:11', 1, 92),
(288, 7, '2021-06-09 00:09:15', '2021-06-09 00:09:16', 0, 92),
(289, 3, '2021-06-09 00:09:17', '2021-06-09 00:09:18', 0, 92),
(290, 6, '2021-06-09 00:09:21', '2021-06-09 00:09:21', 0, 92),
(291, 7, '2021-06-09 00:10:14', '2021-06-09 00:10:16', 0, 92),
(292, 8, '2021-06-09 00:10:17', '2021-06-09 00:10:19', 0, 92),
(293, 9, '2021-06-09 00:10:31', '2021-06-09 00:10:33', 0, 94),
(295, 5, '2021-06-09 00:10:43', '2021-06-09 00:10:43', 1, 94),
(296, 7, '2021-06-09 00:10:46', '2021-06-09 00:10:47', 0, 94),
(297, 8, '2021-06-09 00:10:49', '2021-06-09 00:10:50', 0, 94),
(298, 3, '2021-06-09 00:10:15', '2021-06-09 00:10:17', 0, 93),
(301, 5, '2021-06-09 00:10:21', '2021-06-09 00:10:22', 0, 93),
(302, 5, '2021-06-09 00:10:23', '2021-06-09 00:10:25', 0, 93),
(303, 8, '2021-06-09 00:10:25', '2021-06-09 00:10:28', 0, 93),
(305, 5, '2021-06-09 00:11:07', '2021-06-09 00:11:08', 0, 95),
(306, 5, '2021-06-09 00:11:09', '2021-06-09 00:11:11', 1, 95),
(307, 5, '2021-06-09 00:11:12', '2021-06-09 00:11:13', 1, 95),
(308, 9, '2021-06-09 00:10:38', '2021-06-09 00:10:39', 0, 96),
(309, 5, '2021-06-09 00:11:14', '2021-06-09 00:11:15', 1, 95),
(310, 6, '2021-06-09 00:10:40', '2021-06-09 00:10:42', 0, 96),
(311, 5, '2021-06-09 00:10:42', '2021-06-09 00:10:44', 0, 96),
(312, 3, '2021-06-09 00:11:18', '2021-06-09 00:11:18', 0, 95),
(313, 5, '2021-06-09 00:10:45', '2021-06-09 00:10:46', 0, 96),
(314, 5, '2021-06-09 00:11:21', '2021-06-09 00:11:22', 1, 95),
(315, 5, '2021-06-09 00:10:50', '2021-06-09 00:10:52', 0, 96),
(316, 8, '2021-06-09 00:11:25', '2021-06-09 00:11:26', 0, 95),
(317, 3, '2021-06-09 00:11:30', '2021-06-09 00:11:31', 0, 95),
(318, 8, '2021-06-09 00:11:42', '2021-06-09 00:11:44', 0, 97),
(319, 6, '2021-06-09 00:11:47', '2021-06-09 00:11:48', 0, 97),
(320, 7, '2021-06-09 00:11:49', '2021-06-09 00:11:50', 0, 97),
(321, 5, '2021-06-09 00:11:55', '2021-06-09 00:11:56', 0, 97),
(322, 9, '2021-06-09 00:11:57', '2021-06-09 00:11:59', 0, 97),
(323, 8, '2021-06-09 00:14:22', '2021-06-09 00:14:24', 0, 100),
(324, 3, '2021-06-09 00:14:25', '2021-06-09 00:14:26', 0, 100),
(325, 9, '2021-06-09 00:14:27', '2021-06-09 00:14:28', 0, 100),
(326, 5, '2021-06-09 00:14:29', '2021-06-09 00:14:30', 0, 100),
(327, 7, '2021-06-09 00:14:31', '2021-06-09 00:14:32', 0, 100),
(328, 7, '2021-06-09 00:16:57', '2021-06-09 00:17:01', 0, 101),
(330, 3, '2021-06-09 00:17:04', '2021-06-09 00:17:05', 0, 101),
(331, 3, '2021-06-09 00:17:07', '2021-06-09 00:17:07', 0, 101),
(333, 6, '2021-06-09 00:17:19', '2021-06-09 00:17:21', 0, 102),
(334, 8, '2021-06-09 00:17:22', '2021-06-09 00:17:24', 0, 102),
(335, 3, '2021-06-09 00:17:25', '2021-06-09 00:17:26', 0, 102),
(336, 5, '2021-06-09 00:17:35', '2021-06-09 00:17:36', 0, 102),
(337, 9, '2021-06-09 00:17:40', '2021-06-09 00:17:42', 0, 102),
(338, 3, '2021-06-09 00:57:32', '2021-06-09 00:57:33', 0, 103),
(339, 5, '2021-06-09 00:57:36', '2021-06-09 00:57:38', 1, 103),
(340, 5, '2021-06-09 00:57:41', '2021-06-09 00:57:42', 0, 103),
(341, 3, '2021-06-09 00:57:45', '2021-06-09 00:57:47', 0, 103),
(342, 5, '2021-06-09 00:57:51', '2021-06-09 00:57:53', 0, 103),
(343, 8, '2021-06-09 00:57:56', '2021-06-09 00:57:56', 0, 103),
(344, 8, '2021-06-09 00:58:06', '2021-06-09 00:58:07', 1, 104),
(345, 5, '2021-06-09 00:58:10', '2021-06-09 00:58:11', 0, 104),
(346, 7, '2021-06-09 00:58:14', '2021-06-09 00:58:14', 1, 104),
(347, 6, '2021-06-09 00:58:17', '2021-06-09 00:58:18', 1, 104),
(349, 9, '2021-06-09 00:58:25', '2021-06-09 00:58:25', 0, 104),
(350, 5, '2021-06-09 00:58:28', '2021-06-09 00:58:29', 1, 104),
(351, 7, '2021-06-09 00:58:32', '2021-06-09 00:58:34', 0, 104),
(352, 7, '2021-06-09 00:58:37', '2021-06-09 00:58:39', 0, 104),
(353, 7, '2021-06-09 01:11:41', '2021-06-09 01:11:44', 0, 105),
(354, 5, '2021-06-09 01:11:47', '2021-06-09 01:11:48', 1, 105),
(355, 8, '2021-06-09 01:11:51', '2021-06-09 01:11:53', 1, 105),
(356, 5, '2021-06-09 01:11:58', '2021-06-09 01:11:59', 1, 105),
(357, 3, '2021-06-09 01:12:17', '2021-06-09 01:12:19', 0, 105),
(358, 5, '2021-06-09 01:12:22', '2021-06-09 01:12:22', 1, 105),
(359, 5, '2021-06-09 01:12:25', '2021-06-09 01:12:27', 0, 105),
(360, 8, '2021-06-09 01:56:36', '2021-06-09 01:56:46', 0, 106),
(361, 6, '2021-06-09 01:56:49', '2021-06-09 01:56:52', 1, 106),
(362, 8, '2021-06-09 01:56:55', '2021-06-09 01:56:56', 1, 106),
(363, 7, '2021-06-09 01:56:59', '2021-06-09 01:57:00', 0, 106),
(364, 5, '2021-06-09 01:57:03', '2021-06-09 01:57:04', 1, 106),
(365, 5, '2021-06-09 01:57:07', '2021-06-09 01:57:13', 0, 106),
(366, 8, '2021-06-09 01:57:16', '2021-06-09 01:57:17', 1, 106),
(367, 5, '2021-06-09 01:57:20', '2021-06-09 01:57:26', 0, 106),
(368, 5, '2021-06-09 01:57:29', '2021-06-09 01:57:48', 0, 106),
(369, 7, '2021-06-09 02:15:34', '2021-06-09 02:15:37', 0, 107),
(370, 5, '2021-06-09 02:15:40', '2021-06-09 02:15:41', 0, 107),
(371, 5, '2021-06-09 02:15:44', '2021-06-09 02:15:44', 0, 107),
(372, 5, '2021-06-09 02:15:48', '2021-06-09 02:15:49', 1, 107),
(373, 5, '2021-06-09 02:15:52', '2021-06-09 02:16:11', 1, 107),
(374, 5, '2021-06-09 02:16:21', '2021-06-09 02:16:23', 0, 107),
(375, 5, '2021-06-09 02:16:26', '2021-06-09 02:16:26', 1, 107),
(376, 8, '2021-06-09 02:16:29', '2021-06-09 02:16:31', 1, 107),
(377, 9, '2021-06-09 02:16:35', '2021-06-09 02:16:41', 1, 107),
(378, 5, '2021-06-09 02:16:44', '2021-06-09 02:16:46', 1, 107),
(379, 3, '2021-06-09 02:16:49', '2021-06-09 02:16:51', 0, 107),
(380, 7, '2021-06-09 02:23:53', '2021-06-09 02:23:58', 0, 108),
(381, 8, '2021-06-09 02:23:53', '2021-06-09 02:24:00', 1, 108),
(382, 9, '2021-06-09 02:23:53', '2021-06-09 02:24:01', 0, 108),
(384, 3, '2021-06-09 02:24:05', '2021-06-09 02:24:05', 0, 108),
(385, 5, '2021-06-09 02:24:08', '2021-06-09 02:24:09', 0, 108),
(386, 3, '2021-06-09 07:32:36', '2021-06-09 07:32:38', 0, 109),
(388, 5, '2021-06-09 07:32:43', '2021-06-09 07:32:44', 0, 109),
(389, 9, '2021-06-09 07:32:45', '2021-06-09 07:32:46', 0, 109),
(390, 3, '2021-06-09 07:32:47', '2021-06-09 07:32:49', 1, 109),
(392, 3, '2021-06-09 17:28:50', '2021-06-09 17:28:58', 0, 110),
(393, 5, '2021-06-09 17:29:01', '2021-06-09 17:29:06', 1, 110),
(394, 8, '2021-06-09 17:29:10', '2021-06-09 17:29:12', 1, 110),
(395, 5, '2021-06-09 17:29:15', '2021-06-09 17:29:16', 1, 110),
(396, 9, '2021-06-09 17:29:19', '2021-06-09 17:29:25', 0, 110),
(397, 3, '2021-06-09 17:29:44', '2021-06-09 17:29:46', 0, 110),
(398, 6, '2021-06-09 17:29:44', '2021-06-09 17:29:46', 1, 110),
(399, 8, '2021-06-09 17:30:04', '2021-06-09 17:30:10', 1, 110),
(400, 9, '2021-06-09 17:30:13', '2021-06-09 17:30:15', 1, 110),
(401, 5, '2021-06-09 17:30:19', '2021-06-09 17:30:19', 0, 110),
(402, 7, '2021-06-09 17:30:23', '2021-06-09 17:30:23', 0, 110),
(403, 3, '2021-06-09 19:55:11', '2021-06-09 19:55:15', 0, 111),
(404, 8, '2021-06-09 19:55:11', '2021-06-09 19:55:15', 1, 111),
(405, 8, '2021-06-09 19:55:28', '2021-06-09 19:55:32', 0, 111),
(406, 8, '2021-06-09 19:55:28', '2021-06-09 19:55:33', 1, 111),
(407, 8, '2021-06-09 19:55:28', '2021-06-09 19:55:34', 0, 111),
(408, 8, '2021-06-09 19:55:28', '2021-06-09 19:55:35', 1, 111),
(409, 8, '2021-06-09 19:55:28', '2021-06-09 19:55:36', 0, 111),
(410, 8, '2021-06-09 19:55:36', '2021-06-09 19:55:36', 0, 111);

-- --------------------------------------------------------

--
-- Estructura de tabla para la tabla `tipologro`
--

DROP TABLE IF EXISTS `tipologro`;
CREATE TABLE IF NOT EXISTS `tipologro` (
  `id` int(11) NOT NULL AUTO_INCREMENT,
  `name` varchar(256) NOT NULL,
  `imageLink` varchar(512) NOT NULL,
  PRIMARY KEY (`id`)
) ENGINE=InnoDB AUTO_INCREMENT=19 DEFAULT CHARSET=latin1;

--
-- Volcado de datos para la tabla `tipologro`
--

INSERT INTO `tipologro` (`id`, `name`, `imageLink`) VALUES
(3, '5 exámenes realizados', 'na'),
(4, '10 exámenes realizados', 'na'),
(5, '50 exámenes realizados', 'na'),
(6, '100 exámenes realizados', 'na'),
(7, 'Inmunidad 1: 1 examen perfecto', 'na'),
(8, 'Inmunidad 2: 10 exámenes perfectos', 'na'),
(9, 'Inmunidad 3: 50 exámenes perfectos', 'na'),
(10, 'Inmunidad 4: 50 exámenes perfectos', 'na'),
(11, 'Inmunidad 5: 100 exámenes perfectos', 'na'),
(12, 'Ingreso en el top 10', 'na'),
(13, 'Top 10 por 1 mes', 'na'),
(14, 'Top 10 por 6 meses', 'na'),
(15, 'top 10 por 1 año', 'na'),
(16, 'Usuario más alto durante el mes', 'na'),
(17, 'Segundo usuario más alto durante el mes', 'na'),
(18, 'Tercer usuario más alto durante el mes', 'na');

-- --------------------------------------------------------

--
-- Estructura de tabla para la tabla `tipopregunta`
--

DROP TABLE IF EXISTS `tipopregunta`;
CREATE TABLE IF NOT EXISTS `tipopregunta` (
  `id` int(11) NOT NULL AUTO_INCREMENT,
  `Categoria` varchar(128) NOT NULL,
  `tipo` varchar(128) NOT NULL,
  PRIMARY KEY (`id`),
  KEY `Categoria` (`Categoria`),
  KEY `tipo` (`tipo`)
) ENGINE=InnoDB AUTO_INCREMENT=19 DEFAULT CHARSET=latin1;

--
-- Volcado de datos para la tabla `tipopregunta`
--

INSERT INTO `tipopregunta` (`id`, `Categoria`, `tipo`) VALUES
(1, 'tipo1', 'Chatarra'),
(2, 'tipo2', 'Llantas'),
(3, 'Chatarra', 'Chatarra Nacional Primera'),
(4, 'Chatarra', 'Devanado'),
(5, 'Chatarra', 'Mixto Cizallado'),
(6, 'Chatarra', 'Mixto Para Procesar'),
(7, 'Chatarra', 'Placa y Estructura Nacional'),
(8, 'Chatarra', 'Rebaba de Acero'),
(9, 'Chatarra', 'Regreso Industrial Galvanizado Nacional'),
(10, 'Defectos', 'Devanado'),
(11, 'Defectos', 'Mal Decapado'),
(12, 'Defectos', 'Manchas'),
(13, 'Defectos', 'Marcas Genericas'),
(14, 'Defectos', 'Orilla Defectuosa'),
(15, 'Defectos', 'Oxido de Agua'),
(16, 'Defectos', 'Quemado'),
(17, 'Defectos', 'Rayas'),
(18, 'Defectos', 'Rollo Cabezon');

--
-- Restricciones para tablas volcadas
--

--
-- Filtros para la tabla `logros`
--
ALTER TABLE `logros`
  ADD CONSTRAINT `logros_ibfk_1` FOREIGN KEY (`type`) REFERENCES `tipologro` (`id`);

--
-- Filtros para la tabla `pregunta`
--
ALTER TABLE `pregunta`
  ADD CONSTRAINT `pregunta_ibfk_1` FOREIGN KEY (`tipo`) REFERENCES `tipopregunta` (`id`),
  ADD CONSTRAINT `pregunta_ibfk_2` FOREIGN KEY (`idJuego`) REFERENCES `juego` (`id`);
COMMIT;

/*!40101 SET CHARACTER_SET_CLIENT=@OLD_CHARACTER_SET_CLIENT */;
/*!40101 SET CHARACTER_SET_RESULTS=@OLD_CHARACTER_SET_RESULTS */;
/*!40101 SET COLLATION_CONNECTION=@OLD_COLLATION_CONNECTION */;
